daniel1@mail7.io,user,Daniel Brown,male,1993-08-24T00:00:00.000Z,I'm a music enthusiast,A,[reading,writing,painting,photography,cooking]
sophia4@mail7.io,user,Sophia Moore,female,1979-12-11T00:00:00.000Z,I'm a fitness freak,B,[traveling,yoga,dancing,gaming,music]
olivia5@mail7.io,user,Olivia Taylor,female,1985-05-18T00:00:00.000Z,I'm a foodie,C,[gardening,hiking,camping,swimming,cycling]
james4@mail7.io,user,James Anderson,male,1982-02-05T00:00:00.000Z,I'm a bookworm,D,[coding,programming,technology,engineering,mathematics]
emily5@mail7.io,user,Emily Thomas,female,1967-10-30T00:00:00.000Z,I'm a movie lover,E,[languages,learning,teaching,mentoring,volunteering]
william3@mail7.io,user,William Perez,male,1970-07-17T00:00:00.000Z,I'm a sports fanatic,A,[reading,writing,painting,photography,cooking]
emma5@mail7.io,user,Emma Hernandez,female,1986-03-03T00:00:00.000Z,I'm a music lover,B,[traveling,yoga,dancing,gaming,music]
michael4@mail7.io,user,Michael Lopez,male,1974-11-28T00:00:00.000Z,I'm a coffee connoisseur,C,[gardening,hiking,camping,swimming,cycling]
sophia5@mail7.io,user,Sophia Miller,female,1991-09-20T00:00:00.000Z,I'm a tech geek,D,[coding,programming,technology,engineering,mathematics]
daniel2@mail7.io,user,Daniel Martinez,male,1988-06-13T00:00:00.000Z,I'm a fashion enthusiast,E,[languages,learning,teaching,mentoring,volunteering]
olivia6@mail7.io,user,Olivia Davis,female,1961-01-26T00:00:00.000Z,I'm an animal lover,A,[reading,writing,painting,photography,cooking]
james5@mail7.io,user,James Taylor,male,1977-08-09T00:00:00.000Z,I'm a fashion enthusiast,B,[traveling,yoga,dancing,gaming,music]
emily6@mail7.io,user,Emily Wilson,female,1979-05-02T00:00:00.000Z,I'm a nature enthusiast,C,[gardening,hiking,camping,swimming,cycling]
william4@mail7.io,user,William Rodriguez,male,1968-12-15T00:00:00.000Z,I'm a cooking enthusiast,D,[coding,programming,technology,engineering,mathematics]
emma6@mail7.io,user,Emma Anderson,female,1994-04-28T00:00:00.000Z,I'm a movie buff,E,[languages,learning,teaching,mentoring,volunteering]
michael5@mail7.io,user,Michael Clark,male,1973-10-21T00:00:00.000Z,I'm a fitness enthusiast,A,[reading,writing,painting,photography,cooking]
sophia6@mail7.io,user,Sophia Garcia,female,1965-07-14T00:00:00.000Z,I'm a music aficionado,B,[traveling,yoga,dancing,gaming,music]
daniel3@mail7.io,user,Daniel Moore,male,1981-02-07T00:00:00.000Z,I'm a food lover,C,[gardening,hiking,camping,swimming,cycling]
olivia7@mail7.io,user,Olivia Hernandez,female,1975-09-22T00:00:00.000Z,I'm a travel enthusiast,D,[coding,programming,technology,engineering,mathematics]
james6@mail7.io,user,James Martinez,male,1978-04-15T00:00:00.000Z,I'm a coffee connoisseur,E,[languages,learning,teaching,mentoring,volunteering]
emily7@mail7.io,user,Emily Perez,female,1989-11-28T00:00:00.000Z,I'm a sports enthusiast,A,[reading,writing,painting,photography,cooking]
william5@mail7.io,user,William Johnson,male,1972-07-11T00:00:00.000Z,I'm a music lover,B,[traveling,yoga,dancing,gaming,music]
emma7@mail7.io,user,Emma Brown,female,1963-03-24T00:00:00.000Z,I'm a technology enthusiast,C,[gardening,hiking,camping,swimming,cycling]
michael6@mail7.io,user,Michael Lewis,male,1987-01-17T00:00:00.000Z,I'm a movie lover,D,[coding,programming,technology,engineering,mathematics]
sophia7@mail7.io,user,Sophia Perez,female,1974-06-09T00:00:00.000Z,I'm a fitness freak,E,[languages,learning,teaching,mentoring,volunteering]
daniel4@mail7.io,user,Daniel Thompson,male,1980-03-03T00:00:00.000Z,I'm a bookworm,A,[reading,writing,painting,photography,cooking]
olivia8@mail7.io,user,Olivia Rodriguez,female,1969-08-16T00:00:00.000Z,I'm a music enthusiast,B,[traveling,yoga,dancing,gaming,music]
james7@mail7.io,user,James Wright,male,1983-05-09T00:00:00.000Z,I'm a foodie,C,[gardening,hiking,camping,swimming,cycling]
emily8@mail7.io,user,Emily Walker,female,1976-12-22T00:00:00.000Z,I'm a health enthusiast,D,[coding,programming,technology,engineering,mathematics]
william6@mail7.io,user,William Hernandez,male,1979-11-15T00:00:00.000Z,I'm a movie lover,E,[languages,learning,teaching,mentoring,volunteering]
emma8@mail7.io,user,Emma Lee,female,1992-06-08T00:00:00.000Z,I'm a nature lover,A,[reading,writing,painting,photography,cooking]
michael7@mail7.io,user,Michael Martinez,male,1978-09-01T00:00:00.000Z,I'm a music lover,B,[traveling,yoga,dancing,gaming,music]
sophia8@mail7.io,user,Sophia Moore,female,1972-02-14T00:00:00.000Z,I'm a foodie,C,[gardening,hiking,camping,swimming,cycling]
daniel5@mail7.io,user,Daniel Lopez,male,1966-07-28T00:00:00.000Z,I'm a sports fanatic,D,[coding,programming,technology,engineering,mathematics]
olivia9@mail7.io,user,Olivia Perez,female,1990-04-11T00:00:00.000Z,I'm a coffee connoisseur,E,[languages,learning,teaching,mentoring,volunteering]
james8@mail7.io,user,James Taylor,male,1987-10-04T00:00:00.000Z,I'm a fitness enthusiast,A,[reading,writing,painting,photography,cooking]
emily9@mail7.io,user,Emily Garcia,female,1975-03-17T00:00:00.000Z,I'm a music aficionado,B,[traveling,yoga,dancing,gaming,music]
william7@mail7.io,user,William Harris,male,1971-11-30T00:00:00.000Z,I'm a movie buff,C,[gardening,hiking,camping,swimming,cycling]
emma9@mail7.io,user,Emma Gonzalez,female,1981-09-03T00:00:00.000Z,I'm a technology enthusiast,D,[coding,programming,technology,engineering,mathematics]
michael8@mail7.io,user,Michael Wilson,male,1968-12-27T00:00:00.000Z,I'm a travel enthusiast,E,[languages,learning,teaching,mentoring,volunteering]
sophia9@mail7.io,user,Sophia Davis,female,1978-05-20T00:00:00.000Z,I'm a coffee lover,A,[reading,writing,painting,photography,cooking]
daniel6@mail7.io,user,Daniel Anderson,male,1983-02-13T00:00:00.000Z,I'm a fitness enthusiast,B,[traveling,yoga,dancing,gaming,music]
olivia10@mail7.io,user,Olivia Lewis,female,1970-09-26T00:00:00.000Z,I'm a nature enthusiast,C,[gardening,hiking,camping,swimming,cycling]
james9@mail7.io,user,James Hernandez,male,1976-07-19T00:00:00.000Z,I'm a technology enthusiast,D,[coding,programming,technology,engineering,mathematics]
emily10@mail7.io,user,Emily Brown,female,1993-04-14T00:00:00.000Z,I'm a fashion enthusiast,E,[languages,learning,teaching,mentoring,volunteering]
william8@mail7.io,user,William Rodriguez,male,1974-11-17T00:00:00.000Z,I'm a bookworm,A,[reading,writing,painting,photography,cooking]
emma10@mail7.io,user,Emma Martinez,female,1966-03-30T00:00:00.000Z,I'm a foodie,B,[traveling,yoga,dancing,gaming,music]
michael9@mail7.io,user,Michael Thomas,male,1989-08-23T00:00:00.000Z,I'm a coffee connoisseur,C,[gardening,hiking,camping,swimming,cycling]
sophia10@mail7.io,user,Sophia Rodriguez,female,1979-12-16T00:00:00.000Z,I'm a movie lover,D,[coding,programming,technology,engineering,mathematics]
daniel7@mail7.io,user,Daniel White,male,1972-10-09T00:00:00.000Z,I'm a music lover,E,[languages,learning,teaching,mentoring,volunteering]
olivia11@mail7.io,user,Olivia Martinez,female,1991-05-22T00:00:00.000Z,I'm a food lover,A,[reading,writing,painting,photography,cooking]
james10@mail7.io,user,James Wilson,male,1970-08-07T00:00:00.000Z,I'm a travel enthusiast,B,[traveling,yoga,dancing,gaming,music]
emily11@mail7.io,user,Emily Johnson,female,1977-04-29T00:00:00.000Z,I'm a fitness freak,C,[gardening,hiking,camping,swimming,cycling]
william9@mail7.io,user,William Moore,male,1965-09-02T00:00:00.000Z,I'm a music enthusiast,D,[coding,programming,technology,engineering,mathematics]
emma11@mail7.io,user,Emma Taylor,female,1987-11-05T00:00:00.000Z,I'm a fashion enthusiast,E,[languages,learning,teaching,mentoring,volunteering]
michael10@mail7.io,user,Michael Harris,male,1978-06-12T00:00:00.000Z,I'm a bookworm,A,[reading,writing,painting,photography,cooking]
sophia11@mail7.io,user,Sophia Clark,female,1974-03-25T00:00:00.000Z,I'm a coffee connoisseur,B,[traveling,yoga,dancing,gaming,music]
daniel8@mail7.io,user,Daniel Gonzalez,male,1981-12-18T00:00:00.000Z,I'm a movie lover,C,[gardening,hiking,camping,swimming,cycling]
olivia12@mail7.io,user,Olivia Wilson,female,1978-01-11T00:00:00.000Z,I'm a technology enthusiast,D,[coding,programming,technology,engineering,mathematics]
james11@mail7.io,user,James Perez,male,1971-07-04T00:00:00.000Z,I'm a music aficionado,E,[languages,learning,teaching,mentoring,volunteering]
emily12@mail7.io,user,Emily Gonzalez,female,1988-05-07T00:00:00.000Z,I'm a foodie,A,[reading,writing,painting,photography,cooking]
william10@mail7.io,user,William Moore,male,1972-09-30T00:00:00.000Z,I'm a fitness enthusiast,B,[traveling,yoga,dancing,gaming,music]
emma12@mail7.io,user,Emma Martinez,female,1976-02-23T00:00:00.000Z,I'm a nature lover,C,[gardening,hiking,camping,swimming,cycling]
michael11@mail7.io,user,Michael Davis,male,1984-08-26T00:00:00.000Z,I'm a coffee lover,D,[coding,programming,technology,engineering,mathematics]
sophia12@mail7.io,user,Sophia Rodriguez,female,1990-01-19T00:00:00.000Z,I'm a movie buff,E,[languages,learning,teaching,mentoring,volunteering]
daniel9@mail7.io,user,Daniel Taylor,male,1977-11-12T00:00:00.000Z,I'm a technology enthusiast,A,[reading,writing,painting,photography,cooking]
olivia13@mail7.io,user,Olivia Lee,female,1989-10-05T00:00:00.000Z,I'm a travel enthusiast,B,[traveling,yoga,dancing,gaming,music]
james12@mail7.io,user,James White,male,1983-03-29T00:00:00.000Z,I'm a music lover,C,[gardening,hiking,camping,swimming,cycling]
emily13@mail7.io,user,Emily Hernandez,female,1971-06-01T00:00:00.000Z,I'm a coffee connoisseur,D,[coding,programming,technology,engineering,mathematics]
william11@mail7.io,user,William Anderson,male,1976-01-24T00:00:00.000Z,I'm a music enthusiast,E,[languages,learning,teaching,mentoring,volunteering]
emma13@mail7.io,user,Emma Martinez,female,1985-12-17T00:00:00.000Z,I'm a food lover,A,[reading,writing,painting,photography,cooking]
michael12@mail7.io,user,Michael Perez,male,1974-09-09T00:00:00.000Z,I'm a fitness enthusiast,B,[traveling,yoga,dancing,gaming,music]
sophia13@mail7.io,user,Sophia Harris,female,1978-07-04T00:00:00.000Z,I'm a movie lover,C,[gardening,hiking,camping,swimming,cycling]
daniel10@mail7.io,user,Daniel Clark,male,1981-03-28T00:00:00.000Z,I'm a technology enthusiast,D,[coding,programming,technology,engineering,mathematics]
olivia14@mail7.io,user,Olivia Gonzalez,female,1970-12-21T00:00:00.000Z,I'm a travel enthusiast,E,[languages,learning,teaching,mentoring,volunteering]
james13@mail7.io,user,James Perez,male,1975-10-14T00:00:00.000Z,I'm a music aficionado,A,[reading,writing,painting,photography,cooking]
emily14@mail7.io,user,Emily Martinez,female,1988-05-07T00:00:00.000Z,I'm a coffee connoisseur,B,[traveling,yoga,dancing,gaming,music]
william12@mail7.io,user,William Wilson,male,1977-01-29T00:00:00.000Z,I'm a music lover,C,[gardening,hiking,camping,swimming,cycling]
emma14@mail7.io,user,Emma Perez,female,1974-07-24T00:00:00.000Z,I'm a technology enthusiast,D,[coding,programming,technology,engineering,mathematics]
michael13@mail7.io,user,Michael Davis,male,1982-04-17T00:00:00.000Z,I'm a coffee lover,E,[languages,learning,teaching,mentoring,volunteering]
sophia14@mail7.io,user,Sophia Rodriguez,female,1990-01-19T00:00:00.000Z,I'm a movie buff,A,[reading,writing,painting,photography,cooking]
daniel11@mail7.io,user,Daniel Taylor,male,1977-11-12T00:00:00.000Z,I'm a technology enthusiast,B,[traveling,yoga,dancing,gaming,music]
olivia15@mail7.io,user,Olivia Lee,female,1989-10-05T00:00:00.000Z,I'm a travel enthusiast,C,[gardening,hiking,camping,swimming,cycling]
james14@mail7.io,user,James White,male,1983-03-29T00:00:00.000Z,I'm a music lover,D,[coding,programming,technology,engineering,mathematics]
emily15@mail7.io,user,Emily Hernandez,female,1971-06-01T00:00:00.000Z,I'm a coffee connoisseur,E,[languages,learning,teaching,mentoring,volunteering]
william13@mail7.io,user,William Anderson,male,1976-01-24T00:00:00.000Z,I'm a music enthusiast,A,[reading,writing,painting,photography,cooking]
emma15@mail7.io,user,Emma Martinez,female,1985-12-17T00:00:00.000Z,I'm a food lover,B,[traveling,yoga,dancing,gaming,music]
michael14@mail7.io,user,Michael Perez,male,1974-09-09T00:00:00.000Z,I'm a fitness enthusiast,C,[gardening,hiking,camping,swimming,cycling]
sophia15@mail7.io,user,Sophia Harris,female,1978-07-04T00:00:00.000Z,I'm a movie lover,D,[coding,programming,technology,engineering,mathematics]
daniel12@mail7.io,user,Daniel Clark,male,1981-03-28T00:00:00.000Z,I'm a technology enthusiast,E,[languages,learning,teaching,mentoring,volunteering]
olivia16@mail7.io,user,Olivia Gonzalez,female,1970-12-21T00:00:00.000Z,I'm a travel enthusiast,A,[reading,writing,painting,photography,cooking]
james15@mail7.io,user,James Perez,male,1975-10-14T00:00:00.000Z,I'm a music aficionado,B,[traveling,yoga,dancing,gaming,music]
emily16@mail7.io,user,Emily Martinez,female,1988-05-07T00:00:00.000Z,I'm a coffee connoisseur,C,[gardening,hiking,camping,swimming,cycling]
william14@mail7.io,user,William Wilson,male,1977-01-29T00:00:00.000Z,I'm a music lover,D,[coding,programming,technology,engineering,mathematics]
emma16@mail7.io,user,Emma Perez,female,1974-07-24T00:00:00.000Z,I'm a technology enthusiast,E,[languages,learning,teaching,mentoring,volunteering]
michael15@mail7.io,user,Michael Rodriguez,male,1982-10-17T00:00:00.000Z,I'm a movie buff,A,[reading,writing,painting,photography,cooking]
sophia16@mail7.io,user,Sophia Taylor,female,1971-03-10T00:00:00.000Z,I'm a technology enthusiast,B,[traveling,yoga,dancing,gaming,music]
daniel13@mail7.io,user,Daniel Lopez,male,1974-08-03T00:00:00.000Z,I'm a music lover,C,[gardening,hiking,camping,swimming,cycling]
olivia17@mail7.io,user,Olivia Perez,female,1989-04-26T00:00:00.000Z,I'm a coffee connoisseur,D,[coding,programming,technology,engineering,mathematics]
james16@mail7.io,user,James Gonzalez,male,1981-11-19T00:00:00.000Z,I'm a music aficionado,E,[languages,learning,teaching,mentoring,volunteering]